Channel_2,Channel_1,Region_3,Region_1,Region_2,Fresh,Milk,Grocery,Frozen,Detergents_Paper,Delicassen
1,0,1,0,0,0.4845609351773279,0.9760695762236257,0.4391324912027786,-1.508417677625444,0.643000599724549,0.40768456891819177
1,0,1,0,0,0.08876643179251587,0.9907184654982105,0.650290611098926,0.13468306252115644,0.7641267525924826,0.6239671469802971
1,0,1,0,0,0.017680319141881434,0.8909700136447953,0.4536062112149275,0.3771469071496573,0.8022434270770508,1.7584195744777025
0,1,1,0,0,0.51565622827609,-0.9575732325341826,-0.0837215953274959,1.1404456200488178,-0.3242818435035713,0.6291102161498483
1,0,1,0,0,0.876511594819959,0.4397199901431575,0.39500285500331783,0.7569093812972981,0.40528455504283,1.4422460075560488
1,0,1,0,0,0.2836216307175019,0.8313877977758508,0.09051206243619027,-0.6235826373181897,0.41114732503874235,0.4696065601643709
1,0,1,0,0,0.4549299162086736,-0.04671035533074213,0.36677538343022187,-0.8788307180390624,0.7364510972947567,-0.2782676256705127
1,0,1,0,0,0.1370360402058957,0.3585726669687238,0.6368792436228459,0.09242154637087224,0.7690520738264318,0.9050127837362224
0,1,1,0,0,-0.025172715212184414,0.07488621693375244,0.2599730587034906,-0.9736782624534918,0.384965031033524,-0.03441413641203246
1,0,1,0,0,-0.020312518086979196,1.1045115689389005,1.2599689071080422,-0.19179084651904166,1.2370899522374856,0.7512226475165183
1,0,1,0,0,-0.4119780939885934,0.4385213093914676,0.9234294061231649,0.8479319688847279,1.1108968596559166,0.6100805301377502
1,0,1,0,0,0.5095607683238232,-1.0150557304526469,-0.02174001721031385,-0.033500331075743385,-0.2779848644043853,-0.3486814879908774
1,0,1,0,0,1.1052368766830891,1.201562797975473,0.8350821860729305,-1.2796662927567246,0.8596984796373499,1.0065870708869327
1,0,1,0,0,0.8333492888076818,0.5671018338147563,1.05250088146401,0.573734891530878,1.1779292876743084,-0.2022968601762562
1,0,1,0,0,0.9348759526448229,0.9575731065431906,0.8602077583520127,-1.260885264343017,1.0137814008627606,0.7762891271056329
0,1,1,0,0,0.3414404209206954,-1.0233293289577998,-0.17302078321190553,-1.0267949173244306,0.049514914891816246,-0.49193420292232265
1,0,1,0,0,-1.219561816393904,0.8918105125779141,0.862430473822228,-1.8732713237681835,0.9468161229050328,0.24407944735473566
0,1,1,0,0,-0.03511425092462992,0.5594647043652065,-0.410249016653816,-0.44360856307103885,-0.5075258211808636,1.3302863996603522
1,0,1,0,0,0.7443419632180857,0.5846805560719376,0.6987362878567506,0.30947970636847283,0.6628883036959352,1.0691009161606049
0,1,1,0,0,0.15474117913813806,-0.2768198758523318,0.640487897966714,-0.6200798225913677,0.6080335668815844,-0.3425592677485947
1,0,1,0,0,0.704846702017666,0.27311282657875185,-0.006209063347853465,-0.25698107204456044,0.5448929612983182,0.7606293581042206
0,1,1,0,0,-0.07165400349535318,-1.251143686110196,-0.7491943755639382,0.6430797662905815,-0.49971748725255394,-0.24535440137533224
0,1,1,0,0,1.0958298813415606,-0.5207959243903284,-0.03251299446692127,1.4402225329092475,0.5754900485928426,1.3053229936966926
1,0,1,0,0,0.9804946541582499,2.205193687791588,1.3978729618101835,0.9712045935788489,0.9243208888995333,2.327411416248641
1,0,1,0,0,0.8774680348348185,0.987504174167559,0.9782694954339829,0.5270362351033241,0.9434513714262679,1.5249500141248558
1,0,1,0,0,0.649396058381707,0.2119272449347924,0.4431567704538619,-1.5572619694085637,0.8777031845991708,-2.002596307991579
0,1,1,0,0,0.3176052586921334,-1.160106585192057,-0.4325420631778433,0.5877106096048726,-0.7545005999212616,0.04574864956933336
0,1,1,0,0,0.5653392576279938,-1.3264002072511036,-0.3766361157871431,-0.8707542212579984,-1.2685989099799688,-0.31707382357963954
1,0,1,0,0,-0.2764064247309184,1.6723381450491397,1.5454514167636886,-0.19246359145921665,1.3228195040564101,1.4453330294850946
0,1,1,0,0,1.3125479571686574,-0.43638442687406437,-0.5152436430693338,-0.16469666113764525,0.12997596461986505,0.03652458955589906
0,1,1,0,0,0.7520794973761226,0.06519178792155148,0.784070315802848,-0.19922317385581934,0.511779530030909,1.0148802546252598
0,1,1,0,0,-0.583522237155656,0.23548161067615414,-0.35108221506566256,0.266987529486714,-0.04459852109856696,0.17375806637049437
0,1,1,0,0,0.8464520375413594,-0.867646780445942,-0.4247384701597944,-1.3388878063329746,0.021072737202573792,-0.505021916570144
0,1,1,0,0,1.0615168230993297,0.32625823559951805,0.4108127153616142,1.1063650763709139,-0.5218505102302049,0.24619801427644647
0,1,1,0,0,-0.9577937274426397,-0.49132722011839397,-0.6432526962261221,-0.9736782624534918,-0.35249159574914435,-0.5241164832589618
1,0,1,0,0,-1.485912017834515,0.4534787188093448,0.7827773135805711,-0.44920218730750483,0.9110255830131876,-0.4486919254426131
0,1,1,0,0,1.0666394652689968,0.24037614425956522,0.14185745630214458,0.11994794940314793,-0.015541458307627053,1.355120298178463
1,0,1,0,0,0.6063353428083109,1.0585730304975598,0.8883945925529163,0.20161240086184345,1.1602295735499937,-0.07198283545109399
1,0,1,0,0,-0.2020381664441208,1.4277967174171111,1.1503551820540776,-2.9654345878107518,1.1991343469998237,-0.4539651999166922
0,1,1,0,0,1.4917582402257625,-1.6683818350416542,-1.4678898636102162,1.4879395171635614,-0.831491046446496,1.0026684225490878
0,1,1,0,0,0.9174220543610939,0.23398681930571422,0.02350315125230171,1.4486269114641,0.14960932144535458,1.5362338284035186
0,1,1,0,0,0.7649347606559606,-0.0863263845873645,0.2251188742690152,0.24618278866908186,0.6210549596504096,0.9722108403095501
1,0,1,0,0,0.37972178960270936,0.748903800075718,1.0512427758041427,-1.60937327499297,1.1943479479751813,-2.166350321822892
1,0,1,0,0,-1.545482976339371,1.1046784716816005,1.4750678442771024,-0.4934748890614514,1.3822196254145294,-1.824174627443394
1,0,1,0,0,0.3018418734618759,0.6818291569590593,0.7311813836748856,-0.7855916165276895,0.9608401060123618,-1.9022893708011317
1,0,1,0,0,-0.12025978103183248,1.7402891954687227,1.3777707936658827,0.12489067257805911,1.2314215795578372,1.4122030826863106
1,0,1,0,0,-0.4670080889002224,1.3245390098798846,1.395262139176336,0.09195443520028217,1.1852551911777993,0.4701327350977201
1,0,1,0,0,1.3338416270278914,2.5741921349142203,2.22821971201674,1.2923384585303754,1.9236853086129477,1.61075302187361
1,0,1,0,0,0.42019340240007214,0.5587125640108619,0.7645593304714916,-0.7259836911790362,1.020982173628985,0.4826533906809172
1,0,1,0,0,-0.14879223538807756,1.7133583749138561,1.6424344629627239,0.15044623958654088,1.5884244983644735,0.30062837008346344
0,1,1,0,0,0.008677076617899163,-1.039255824669045,-0.762682439117722,0.7458826705330336,-0.21764978199230767,0.7741725172921291
0,1,1,0,0,-0.41580704262554996,0.17189688142768308,0.3694717888391389,-1.4223064574355873,0.32125991346108035,-0.7316830879664379
1,0,1,0,0,1.2743302578998692,0.14051838304529599,0.21298969249583113,-0.7986662468825216,0.6237595541081592,0.37264434643436134
1,0,1,0,0,-1.7140960950604152,1.0512647810839604,0.8177506023078994,-0.5372657966709607,1.074138578052021,-0.9573417784980885
0,1,1,0,0,1.004580102934065,-0.7799187123819082,-0.7777574044543771,0.3871287101510526,-0.8538673491154548,0.40482517626503195
0,1,1,0,0,-0.10950949012373046,0.08372636946169201,0.0690857828721264,-0.2635890953166628,0.480993926447035,0.2786438472043052
1,0,1,0,0,-0.2788777910134004,2.0222448802589144,1.5763242690992862,0.4426896372872637,1.7437433660343535,0.40882533520279274
1,0,1,0,0,-0.09012962947063127,1.0022543053615554,0.7325508876321198,-2.8554814602578382,1.2484941562578997,0.37503104489399974
0,1,1,0,0,0.5413711922680154,-0.49554717455114755,-0.9273016715928992,-0.7101314504926759,-0.7917230270860077,-0.4486919254426131
0,1,1,0,0,-0.005717535645913267,0.43112373979343804,0.4942275511986979,-1.9029089238670005,0.7259829870378577,0.5456936048101466
1,0,1,0,0,0.22173466523807206,-0.09238735229822845,0.47323367544458367,-2.1331863343909325,0.8909212186435079,-0.9539398001090117
1,0,1,0,0,1.1898887164318657,2.253381516126949,2.290970066080042,0.6127793191533444,1.9815932693697849,0.721151607182829
1,0,1,0,0,0.15846941065695172,0.5726033278669155,0.30956524920746764,0.803092332852694,0.8879304041200444,0.15729914250302587
1,0,1,0,0,0.2823989170681681,1.1459665622884874,1.098762256296466,0.5219396331066963,1.256505270482582,0.3827367039826425
0,1,1,0,0,-0.17758599871741257,-0.9338822206027066,-0.3181968457179209,0.7179274070423419,0.19925032618654634,0.2887153279063365
1,0,1,0,0,-2.900382987833174,1.6935614530106042,2.0553201050464414,-2.8976200989322187,1.9251275112691102,0.4547245299449565
0,1,1,0,0,-4.419216985705396,-0.7271429045255058,0.42188542987606437,-1.6652201588246656,0.7942472579646097,-2.573275991368273
1,0,1,0,0,0.7904444884852891,0.6458291262425531,0.9565475872178101,-0.12914897053604563,1.0232496181034298,0.046664957880263376
0,1,1,0,0,-0.6279369327669099,0.7120290230602859,-0.1335279531519686,1.072586874904703,-0.06775430033970681,1.0481684752124194
0,1,1,0,0,0.20272903490799668,-0.16345620862822938,-1.1448967582259948,-0.5014379209366099,-0.17440383461941553,-1.2947883996532124
0,1,1,0,0,0.671622736395319,-0.46458385086828013,-0.33154274833774056,1.5363522059767838,-1.1822611906791982,0.42294298090080884
0,1,1,0,0,0.7329740397015131,-0.9049134947243499,1.3571651224941386,1.0036369574247612,0.9018972450909173,2.226186765977509
0,1,1,0,0,-0.22771353512971032,0.3921420979023507,-0.49754255821519267,1.394504287497849,0.23278507657217914,-1.120132826534584
1,0,1,0,0,0.7899687640214507,0.4262747451106273,0.5663298844233209,1.3266259075699878,-0.08574683185087961,-0.14605998855206262
1,0,1,0,0,0.18948005901598716,0.5870188291665038,0.6712303377621287,-0.11135845076105337,0.44452308344578595,0.6256853544216279
0,1,1,0,0,0.8067217203801514,-1.0044094179582064,-6.585827646276331,0.849170898350482,-3.3084062203857285,0.16596470399699811
0,1,1,0,0,-1.4579849855684668,0.05927440811066895,0.3079189850737212,1.2666827341016176,-0.299572207660193,0.09972398835966663
1,0,1,0,0,0.4593223991734339,1.2295435009753473,1.6305398251894305,-0.41622723540684703,1.5179890271024292,0.19214393845147468
0,1,1,0,0,0.374464673509907,-0.9739734924648815,-0.7241127601982935,0.2699679345137886,-0.627586984865808,-1.18161658719426
0,1,1,0,0,-0.898337982263906,-0.029506834408985338,-0.21285930772135006,-0.4171246160066222,0.1778701766188579,0.5691519256953987
0,1,1,0,0,0.08376378712189457,-1.296898878718859,-0.38730350801007557,-0.9645626618747501,-0.21669537301135497,-0.3010251495208761
1,0,1,0,0,-2.260212634236212,0.9648802440122037,1.0171498457043207,-1.2906050683196444,1.2670923858426002,-1.233656351127566
1,0,1,0,0,0.3485934276422203,0.9344972351364962,0.7761212627146311,-0.5446333393861913,0.8057074824040714,0.8352502165642002
0,1,1,0,0,0.822324864578481,-0.7098040213596639,-0.8566812370007154,0.3491028776688922,-0.2769262432871098,-0.012333303506539935
1,0,1,0,0,0.440325859616305,-0.010388315126080419,0.03418670488385996,-0.17911780363696056,0.8530657738571644,-1.4340351915365965
1,0,1,0,0,0.6473845467354565,2.425271956643027,2.6879635575422185,-0.2867887188276205,2.2286130318382953,1.0099670449181977
1,0,1,0,0,0.8857206866353377,2.855165431787855,1.7363656239632548,-0.3169918261589395,1.8155290795343573,0.10737423147922823
0,1,1,0,0,1.3153208805622576,0.37137336308282703,0.5027767683557701,1.1291678993995085,0.33656409923949226,2.219774287606984
0,1,1,0,0,0.16200519994872475,-1.6903254760517878,-0.12258817177005683,1.4668516303577395,-0.9772918438867063,-2.166350321822892
0,1,1,0,0,0.9417278974263013,0.12140914920021663,0.12551566688955954,0.6567814077427606,-0.38851089499090274,1.0683802906450746
0,1,1,0,0,0.4134658132916475,-1.6023970272885495,-0.9327608444026875,0.6347416485052755,-1.4844511594196774,-0.5949778720909304
0,1,1,0,0,0.48908402459697864,-0.18269622446890108,-0.5428224673769809,1.3786189532146222,-0.200705511916719,0.26980649224978287
1,0,1,0,0,0.2679926916226084,1.9440847251508717,1.734128447960912,0.6074921421620816,1.7807736225253998,1.434101314042397
0,1,1,0,0,0.40804710302276126,-0.07880555109800522,-0.7262850531558095,2.464356137172993,-1.4678296816910827,0.9433240298110553
1,0,1,0,0,-0.06452299494202125,1.1940925963464146,0.8013458292335434,-1.5381117439416228,1.011476674617365,-0.8920248269781059
0,1,1,0,0,-5.162331739796561,-0.1311947733270889,0.26862249240132713,-0.9466452069175959,-0.8020648486849391,-0.07734998955268296
1,0,1,0,0,-3.784559956154521,-0.23297566269615463,0.5028872628830106,-1.8117833601329196,0.8586483220333003,-0.9815896209612527
0,1,1,0,0,-1.8476926220063283,-2.392025884650467,-1.8187326696692778,-0.5064564506064747,-1.6270418698774907,-1.9261582785576647
0,1,1,0,0,-1.697763417486172,-3.1501114821522638,-1.6005364226273704,-0.3932507992677996,-1.6058863696364472,-1.3612427197907608
0,1,1,0,0,0.30100195754386666,-0.40092171693578177,-0.7954362414510696,1.0412966153168548,-0.8233169708252831,-0.67780709267519
1,0,1,0,0,0.4245832343551171,0.775954287074102,0.8641308332390161,0.61230014608888,1.283018635756363,1.031705711604746
1,0,1,0,0,-0.9957679694274668,1.0805862004530642,1.1263091530998115,0.05609829779356982,1.1830241048422492,0.6501745100911717
1,0,1,0,0,-0.5053502448142748,0.6037969642357405,0.45278874155790505,0.4261289898521914,0.9551438258196179,0.43460340412099796
0,1,1,0,0,1.4908301703137294,0.03760025805707468,0.5859809672187895,1.947101288109897,0.29889844300934615,0.8845002884483616
0,1,1,0,0,0.5569483587224671,-0.4223832600486119,-0.265933170670336,-0.08102411970057564,0.30320599118601693,-0.2740750649927486
0,1,1,0,0,0.6247670936232894,-1.110405635530299,-0.13870933248501277,-0.38029690053950793,-1.077038921400037,0.430182304160021
1,0,1,0,0,-0.9797630371075884,0.5861426686803797,0.7509211992696248,-1.8791093657834275,1.1885006938630482,0.6472602518815445
1,0,1,0,0,0.23784140488307257,1.0664329830004138,1.0467350805002231,0.39824694384706794,1.3469878843603142,0.4627330921642196
1,0,1,0,0,-0.9448583159143137,0.8467293727188626,0.3675466124749327,-1.3966457045217155,0.6050225078535698,0.34712311652334277
1,0,1,0,0,-1.0024699144078817,1.484861391979492,1.644448073770709,-0.6154337583717802,-0.033357356933075934,-4.251390630259604
0,1,1,0,0,0.437527105549182,-0.6607774268398827,-0.9026087842463326,0.33417966349324035,-0.963357952710138,0.5663746757785283
1,0,1,0,0,0.47973858443546663,1.1062625488579725,1.1953712114110056,-0.4758500810046752,1.1558318213652632,0.5045854112950218
0,1,1,0,0,0.7603335401571291,-0.18001853782646343,-0.5647132513681082,1.3928334124622594,-0.35249159574914435,0.9461495709011823
0,1,1,0,0,0.5729717671297433,-0.35417670954522595,-0.8821931765141809,0.60459303789623,-0.2410383450270251,0.5254160539386191
0,1,1,0,0,0.7237775962295095,-1.0520258134907765,-0.7536678976739578,0.4243009007463387,-1.1723171512095532,0.3654391714341048
0,1,1,0,0,0.3971992051786996,-1.3380019820235207,-0.3935852498104931,0.4716399254668274,-0.6780268952294681,-0.19221429941582394
0,1,1,0,0,0.39956439123165516,-0.267222083637734,-0.28967706867580845,0.017999074382892957,-0.6104485626573382,-0.9641915363902479
0,1,1,0,0,0.08231381400704843,0.1319680035411236,0.13389051133539415,0.08207986916619776,-0.5938006560814436,0.2986557227047158
0,1,1,0,0,0.7950484829913199,-0.5334384776204003,-0.6044516929883643,0.9992731444296603,-0.44639357053575685,0.13233537093503198
0,1,1,0,0,0.19507299330497682,-0.3346180317008243,-0.6900530696097784,0.7531177660015984,-0.6994947241456116,-0.16153777080748327
0,1,1,0,0,0.6897999737658943,-0.9544820459854733,-0.27456645817268566,0.381026010793235,-0.9463972135677363,0.28268839091357484
0,1,1,0,0,-0.29187650380097263,-0.03663615896054959,-1.0128979782770975,0.3738995067647765,-0.70388502531245,-0.8583473401450864
0,1,1,0,0,0.45971023433116337,-2.6086924910848404,-2.6369213904569353,0.22991293913732974,-2.075023174170179,0.07011109071011473
1,0,1,0,0,0.3993827471722745,1.0770681286576034,0.5766672923611257,0.30558193756571295,0.467032164815143,-1.3001106712651143
0,1,1,0,0,1.1919181800472674,-0.6641542433905103,-0.40172696372036426,0.9136327870107018,-0.33236933226891086,0.5542218397876243
0,1,1,0,0,1.6985103631316893,0.02937314505314547,0.3829598523929219,1.8798682405926794,-0.07518367518569403,0.11995677118396376
0,1,1,0,0,0.7664498400527524,-0.5587503115355256,-0.9218755248339899,1.3326405907907335,-0.5415158919675046,-0.37050419791113354
1,0,1,0,0,0.8412098442269969,0.7098586074360167,0.7493276837585194,-0.40642364746714293,0.5767103388314047,0.9576262238374866
0,1,1,0,0,-2.562859275847648,0.8950602577307116,-0.17255142719714567,-1.8280775068780664,0.10583506720357987,-4.251390630259604
0,1,1,0,0,1.300254975585889,-1.194454279450031,-1.0057415095373596,0.11497367976877611,-0.44781065319367136,0.6422383627597309
0,1,1,0,0,0.09752763020401249,-0.3020212032470296,-1.696576902073303,1.129661643454539,-0.469491876148672,0.11411070633738414
0,1,1,0,0,-0.7307790597773296,-1.6133349884034143,-2.414359552846859,-1.1339570309345481,-1.4760810561155986,-0.7091816700748818
0,1,1,0,0,0.5944133001015676,-0.4668591272930013,-0.5610877843312158,-0.7367338611304068,0.04405848166996896,-0.6660750204202326
0,1,1,0,0,0.2851289965644494,-1.0851874749226849,-1.186061007891361,-0.9537628359732621,-0.7217852728314565,-0.5221854003450948
0,1,1,0,0,0.1197711582684479,-0.5378552819695991,-0.6788437768846841,-0.5628213636794426,-1.707804715795655,-0.289561626457034
0,1,1,0,0,0.012013669933051611,-0.8882448497425308,-0.5214532478046496,-0.18442872684422598,-0.8683026343329197,-0.670746245291195
0,1,1,0,0,-0.19704725517963873,0.8665813740381607,0.3738202840251906,0.8783292742497931,0.5913953482235106,0.5160629787327969
0,1,1,0,0,-0.47050489642458854,0.8111017909316893,0.5208266473531707,-0.6294558750959403,-0.1194446321011736,-2.353560855233576
0,1,1,0,0,0.5293858331436747,0.21781788736067975,0.07426783541549599,-1.7598057724805216,-0.7379129790819705,1.0904094463754548
0,1,1,0,0,-0.09388609339615273,0.36285926119103806,-0.292890948461026,-0.45672335510701184,-0.19150101381014983,0.12905397862391568
0,1,1,0,0,0.707808618623233,0.22280644781012887,0.40823794415895637,0.3352062826952056,0.04709614989595873,0.9197516217932347
0,1,1,0,0,1.0761466583562005,1.2691521679825304,0.10146851033505325,-1.1924083232658242,-1.6602916133056644,0.4690800224768161
0,1,1,0,0,1.210170181666585,0.6981531836319371,0.5176804402701736,0.5481373538196309,-2.2048284876910276,-4.251390630259604
0,1,1,0,0,0.35139458005966917,-0.6904606688598148,-1.2931589549700944,1.354213116229663,-0.46363074703414986,-0.6897221999459888
0,1,1,0,0,0.7525107681196362,0.08221689709810595,-0.7590657433958453,-1.972372884186195,-0.314046175139565,-1.0400865562843682
1,0,1,0,0,0.859060300963819,0.8452949497340823,1.8082063407150253,-2.7774789182678803,1.5443093470582874,1.3220555928985518
0,1,1,0,0,0.1537841355429343,-0.5116651051340809,-0.6776069033394674,-0.36671267926946105,-1.4516699719116417,-0.31413068743058664
0,1,1,0,0,0.2683602869792229,0.0023244928402602486,-0.4821698984297625,-0.11075216915537275,0.11668822051468175,-0.30536872266277765
0,1,1,0,0,-0.029611206070772556,-1.6212277004109226,-1.9247445794501121,0.783716183467074,-0.6634573143140817,-0.45220339317107094
0,1,1,0,0,1.107323847312225,-0.7901984517072799,-0.9256703780415615,-0.4807060154972651,-1.1975034288866873,0.4637945834894329
0,1,1,0,0,0.6519020650729961,-0.5663286036007209,-0.8657821650406795,-0.4307108106801013,-0.9599260127060675,0.23483046845262998
0,1,1,0,0,-1.0612380060507818,-0.010110085368542325,-0.7438554352542557,-0.800132616016503,-0.7240620355946062,0.6231065915252534
0,1,1,0,0,0.752977668002128,-0.8311467733316195,-0.3505098223699524,0.5496971441297156,-0.5365368703288069,-1.1075778662425284
0,1,1,0,0,-0.392761108658869,0.9363005655629929,-0.602176158599809,-0.5014379209366099,-0.6256575895866137,0.55704355316559
0,1,1,0,0,-1.5541273393436337,-3.8085154383774853,-3.15829184511405,-2.325582898939457,-2.8155227659217616,-3.5022892663347256
1,0,1,0,0,-0.7678338818938564,1.0702514753365728,1.2870609157377493,-1.4421221425794897,1.4954676892006231,0.7709865632075008
1,0,1,0,0,-0.32462642050413865,0.41912829336644,1.0448652624641421,-1.2021811781482958,1.176800676341371,1.0693409736466457
0,1,1,0,0,0.7135416075055092,-0.8345293474680213,-0.5628986860643426,0.6419270150601651,-0.051018462765919044,-0.4808919447585825
1,0,1,0,0,-0.5219315225752901,0.6195721337989522,0.6549655894909381,-0.3633532992199966,0.8778484854974908,0.5824347454588672
1,0,1,0,0,-1.9334743867755724,0.7669849327573134,1.0343582863036742,-1.0248342245550035,1.286051402062544,-0.7266251695763607
1,0,1,0,0,-0.8641583268666164,0.0756472605534614,0.9128590576118804,-0.4576686250407169,0.9358745060961174,0.7724041838197033
0,1,1,0,0,0.47189619307545805,-1.6937480659432649,-2.5075928869603397,-0.23820004363085232,-3.3084062203857285,0.7988507711264625
0,1,1,0,0,0.6067365759584191,-0.47051124055456234,-0.17560664073905088,0.45715298485685674,-0.7790490585840932,-0.19221429941582394
1,0,1,0,0,-0.076042348165846,1.4276201204664098,1.5764578018260087,0.3647341348582217,1.5945166728722113,-0.4313727505274736
1,0,1,0,0,-0.11466902848160325,0.7547672391942558,0.5529509958251347,0.4197118297950658,0.827813751819014,-0.9110401548967594
1,0,1,0,0,0.6259810893067453,1.2263296422453942,1.3052202343465227,0.8523477028771652,1.2117088192330403,0.847221860438872
1,0,1,0,0,-0.16883247301884508,0.6406094148748893,0.6121824299328367,-0.312268327065534,1.0039226199427402,1.1714146268687151
0,1,1,0,0,-0.5067358626406864,-0.04786870332200346,-0.3132428877953543,-1.0112457738611096,0.37263144937628245,-0.09478282366918371
0,1,1,0,0,-0.042871223796588455,-1.408319734846489,-1.5721678554855179,-0.04846213008059292,-1.4057214538597305,-0.4610533518194483
0,1,1,0,0,-0.09050433848163118,-1.4312748656185859,-0.6867171686980372,0.3752000910712655,-1.4844511594196774,-0.03441413641203246
1,0,1,0,0,-2.144133603585892,0.8768837538032926,0.9544129693458281,-0.22125644231134098,1.2040475558595913,-0.67780709267519
1,0,1,0,0,-2.3215999926688276,1.8881726869565594,1.3033211838010956,-0.641336821097456,1.3341347428147117,1.584922054847229
0,1,1,0,0,-1.2641012367655282,0.45145324596227177,0.3084680755859642,-1.1638041967686428,0.6780362923052903,-0.07950745676575163
1,0,1,0,0,-1.6831305278843565,0.7637345742007469,1.302823148273745,-0.35750900321792994,1.4006653358715317,-0.06984649032233674
0,1,1,0,0,-2.0796646352717465,-0.9483304651386806,0.11041217884532797,0.412002815758239,-1.0212155040990978,0.4648546015437701
1,0,1,0,0,-0.6570374556962096,0.7837760729417899,0.843963973419372,-2.6110246113657882,0.9050946194444404,0.5892155791593822
0,1,1,0,0,1.3514687076109952,0.6726934580484036,0.3084680755859642,1.2497323084015879,0.3189861171716308,-0.937153566470428
0,1,1,0,0,0.48934914912475597,0.7209128014090451,-0.019759143340400683,0.1302472226310366,-2.2048284876910276,0.9241183740296387
0,1,1,0,0,0.3891320323732925,0.6881316712348662,0.05826829307484778,-0.19651230167995387,-1.162540246389356,-0.5241164832589618
0,1,1,0,0,-0.4553380682042629,0.34578192171507044,-0.5535216716620233,0.8614530632761022,-0.6843844682741167,0.7752315554357715
0,1,1,0,0,0.46763961174133095,0.5410891399543613,0.5840653988909695,-1.0170404099581107,0.2590451332347717,0.9700271565187156
0,1,1,0,0,1.9596049771100872,2.0140007517735072,1.2244539096686617,1.8895628413135226,1.0009908924219149,1.8242407499491962
0,1,1,0,0,-1.480038647799902,0.8616038915580517,0.7351983657776374,-0.9413493204151294,1.1950221038013518,-1.233656351127566
0,1,1,0,0,1.2067095158981824,2.3791090235773744,1.3192029832489602,2.4975872536200727,-0.761756978546932,3.1409957467273757
0,1,1,0,0,-1.9890468022274725,-1.202487384176571,0.014597163174325916,-2.3360444649383347,-0.5670710469689499,-3.2590724948167895
0,1,1,0,0,0.18782623863451267,0.6022189202147775,-1.2586415941473525,0.3009502098573793,-1.585473322774303,-0.8826918038855691
0,1,1,0,0,-0.48781560216296654,-1.7269097273751732,-1.51693748929813,0.6628694248266581,0.04039221652943713,-0.05820222909145224
0,1,1,0,0,-0.6301528633287742,0.8021211034389124,0.6735169329018591,1.1238403015957963,0.7927356621117032,-4.251390630259604
1,0,1,0,0,0.17697670487308015,0.7591405766015461,0.8297259380567428,0.4838868880409325,1.1892667206458643,-0.5069100334416627
1,0,1,0,0,-1.3557401668145892,1.1440492755328637,0.8169724819123156,-1.3129542689170839,0.8811804281888913,0.6576176507227971
0,1,1,0,0,0.6809122149379114,0.5733442718930525,-0.7622295538146205,1.2459149540036776,-1.1723171512095532,-1.9141305829641813
0,1,1,0,0,0.5337191097225105,-2.2534867408843136,-1.0858397844697572,-0.3976170569888474,-1.7595465485363413,-1.7064431424229674
0,1,1,0,0,-0.07873819745520255,-0.7722831267399263,-0.6476251101856079,-0.7769954819792682,-0.9044829237242664,-0.4975157835665416
1,0,1,0,0,-2.392867130758921,0.03256651244310719,1.3246118572100538,-0.33942143064212354,1.0748638404139887,-0.1251342169445818
0,1,1,0,0,0.09354202490724008,-1.1122334930070508,-0.3977976529009707,-0.47488251419536404,-0.5316001039800244,0.2867116287626265
0,1,1,0,0,0.6843780407906128,0.3921420979023507,0.10852767188504261,1.3028828116130595,-0.5740797117916014,0.6148825875358659
0,1,0,1,0,1.0815798954034013,0.7055024516850706,0.049519374380810194,1.9760827213544012,-0.08650873391578981,0.9921193199544006
1,0,0,1,0,-0.633211669852597,0.6910060468499084,0.7243023214925142,-0.21361204343168166,0.9212277410964881,0.47850260391223853
0,1,0,1,0,0.4299294754439237,-0.41287883254927127,0.34714450520863277,0.6755678257825557,-0.23411900260660734,-0.09038716902872247
0,1,0,1,0,0.3018418734618759,-0.36024761333987954,-0.7047953016136335,-0.8164474355634657,-0.45927333232707684,-0.6230677637623467
1,0,0,1,0,-0.47490148128314846,1.2683134457347023,1.4419082419869464,0.7620681957245037,1.407894587148562,-0.05401158546065717
1,0,0,1,0,-0.21798956246939258,1.346003870375367,1.501219531273947,0.6804141526548172,1.6156979034470618,0.5819805421237154
0,1,0,1,0,0.9498006077501605,1.136823878469389,0.6429486383955774,0.9576286809180388,-0.661405417500873,1.6553780690061977
0,1,0,1,0,-1.597926995149463,-1.4735445526373119,-0.6616808606969238,-0.896899229293773,0.0434490398715326,-2.8829470830237574
0,1,0,1,0,-0.7791505476638665,-1.2301255413992824,0.10784141376148264,-0.054077247775407754,-3.011252751881237,0.4019550380298685
1,0,0,1,0,-1.16419678361094,1.1547036763986775,1.4599155904996324,-0.34267901099510956,1.3658758872047996,-0.07627353710450648
0,1,0,1,0,0.019806400411553467,-1.3533049669841304,-1.4213858338354641,-0.40819697010887,-0.6532694507036378,-0.7733995526391153
1,0,0,1,0,-0.6021631475298213,0.3167307618185003,0.24492755482371062,0.535280851795194,1.0427215756941104,-1.4340351915365965
0,1,0,1,0,-0.9422126324929014,0.0999231540345453,0.20717036282847331,0.17644912875232607,0.7794679679213892,0.020583398124329865
1,0,0,1,0,-0.07372273001279253,1.2318738651696208,1.1534632315720228,-0.42072450677078765,1.5363549008947233,0.012007280599556577
0,1,0,1,0,0.7431044459353221,-0.5314821968898823,-1.0780796265575392,0.1517455590841432,-0.7497128186273084,0.7519503682819599
1,0,0,1,0,0.4545393296526842,1.9724263527012749,1.9264342158457854,0.9052848917643823,1.7960779252207817,0.9905243116081415
0,1,0,1,0,0.11083145687820681,-1.1122334930070508,-0.7262850531558095,-0.10772781547746389,-0.7593281142942511,0.6235369904577756
0,1,0,1,0,-0.42189722961731235,0.6240704579173236,0.35199460909508007,-0.08511840660505668,0.871567540066604,0.3340354028755222
1,0,0,1,0,-0.6515743731698294,0.6168908758142613,0.804587734492787,-0.37773175846046053,1.1089470936495578,0.0062358963179349365
0,1,0,1,0,-0.5350615169611007,1.0767241853040646,1.0851845934064552,-0.059165676937115476,1.0962116055233486,0.8501057262399879
1,0,0,1,0,-0.604563193332467,1.4776388855666687,1.8508478677090876,-1.6476064156196697,1.5765263602212365,-0.11601479056022183
0,1,0,1,0,0.7237775962295095,-0.7634538138004807,-0.7332719576094285,0.4172532316527308,-1.1159784313450536,0.2973377881489438
1,0,0,1,0,-3.950363777031344,0.7426329367259896,1.06575301700335,-0.11135845076105337,0.9829620438543767,1.599686677549886
0,1,0,1,0,-0.2695342532920708,-2.051302449728178,-1.0800133807892875,0.3443855050708871,-1.3563344164412365,-1.37290314301095
0,1,0,1,0,0.5876623501754015,-1.2218500940206836,-1.0851905341165904,0.13600890627407444,-1.6058863696364472,-0.03543313974604985
0,1,0,1,0,-0.09275696213302256,0.7425095530366967,0.7460478869741944,-2.174874076341831,0.9010602490567322,-0.9078378739556888
0,1,0,1,0,-0.13878915486015933,-1.0224986339615199,-0.43411096216756806,1.263155675133429,-0.7217852728314565,-0.5638003642022141
1,0,0,1,0,-0.5389295029069341,-0.2650212675983855,0.11451013833807312,1.0375559408087458,-0.06775430033970681,0.4201402515699742
0,1,0,1,0,0.10925246441603732,-1.5093690328984306,-1.0122994201476192,-0.49645149980173103,-1.4760810561155986,-0.1332040281712446
0,1,0,1,0,0.48514798276553006,-0.034063273067748374,-0.09742539894816099,-0.630635852557976,-0.08803553831827451,0.001392868767184286
1,0,0,1,0,0.8193370585724008,0.5232800947401894,0.6162811696947642,0.13335495944805592,0.6194714529351536,0.5214918686295154
0,1,0,1,0,-0.28818483788249066,-0.39163399232706375,-0.9747994343613098,0.33759648161288763,-0.7060926641799206,-0.09920392363016063
0,1,0,1,0,-0.8099259790765304,-1.632391774673457,-1.876423776285528,-0.3467702275540979,0.978702180687948,-1.0325246837620186
0,1,0,1,0,0.2269119148129257,-0.1880749440931482,-0.5531629676685452,1.1923486130275636,-0.14164694231230998,0.16987132574010458
1,0,0,1,0,0.39342205798275426,0.533852005882525,0.17223755020310783,1.3445324714848743,0.04405848166996896,0.7652896201638889
0,1,0,1,0,-0.65674882236601,1.0692116292767806,-0.17137911057000815,-0.02314122485847485,0.33175500484539666,-0.3595149020500771
0,1,0,1,0,0.9698703633692388,-0.5894429403881549,-0.16903906404643287,-0.6570578732018915,-0.661405417500873,0.046664957880263376
0,1,0,1,0,-1.257756521365508,0.363788508996886,-0.3001645614526723,-0.35750900321792994,-0.4492311963743327,-3.6042729174489962
0,1,0,1,0,0.625461072214779,-0.20268703268910032,-0.17020832418299547,0.8227305827343286,-0.5829609857291002,0.9041193429415508
0,1,0,1,0,-0.8212393143827552,0.5924035730921385,-0.44421742767129546,-0.15309284929940034,0.18460637265937932,-0.7470609810150105
0,1,0,1,0,0.2252689024753741,-1.3070048439549318,-0.3760471864660922,0.34641073349016416,-0.44075951057747886,-0.9539398001090117
0,1,0,1,0,0.7476430455811799,0.12189171867230518,-1.8440842633596588,0.8883159724997097,-2.009098501731552,0.3340354028755222
0,1,0,1,0,0.11747838880640983,-1.8124871496290202,-1.8562669881551537,-0.22405491915933767,-1.4596937148938476,-0.985117307997728
0,1,0,1,0,1.3783884296032236,-0.2504813611931301,-0.18293442402806992,0.9845480707738308,-0.038950786022901376,0.8056608286013139
0,1,0,1,0,0.8608074638405663,0.05617199969650119,0.3752226484017063,1.5914064126879235,-0.5516036385806952,0.9044172726841814
0,1,0,1,0,0.9424065764701118,-0.578584396624041,-0.5625362131057876,0.3133580788200774,-0.44497993158149735,0.22037889469324037
0,1,0,1,0,0.7305660193617621,-1.5093690328984306,-0.41607829906719457,0.7237654490575852,-0.24004481422462134,-0.2333686523909787
0,1,0,1,0,0.4018006664549255,0.05643093117944859,0.0892863764931553,-0.7572990375147147,0.37332355194858485,0.8532973016556862
0,1,0,1,0,0.0014090061552038161,0.7754781088400006,0.7603403782140955,-0.17581676115525552,0.7370066078988692,0.703144294160676
1,0,0,1,0,-0.4760051072402615,0.5590134934824675,0.986297589749873,-1.4522221754790858,1.344648294885262,0.9672887423782816
0,1,0,1,0,0.24457421395105755,-0.3020212032470296,-0.8597046308423056,0.14128984097788344,-0.42010483873017823,-0.19221429941582394
0,1,0,1,0,0.5309829113127537,-2.1058539911402234,-2.01704278588191,0.2628707734022411,-1.7461732666141214,-0.1332040281712446
0,1,0,1,0,0.628402563678713,0.4170261705834838,-0.5878969737838254,-0.7600825224904978,-0.26437081755037284,-0.24133821568475106
0,1,0,1,0,0.17697670487308015,0.11146063518731518,-0.7228119052585419,1.132617557104481,0.021072737202573792,-0.7574876669901849
0,1,0,1,0,-0.44809224757228455,-0.48480084205594065,-0.848668325428767,0.12039858541732122,-0.7740557906429786,-0.07627353710450648
1,0,0,1,0,-0.006048272609095672,1.7849314648544505,1.7765639701072666,1.1809941157529449,1.7710937090994894,1.4327602375159993
0,1,0,1,0,0.04583347232109628,-0.5487414625810108,0.020292035154670946,1.2823599036622635,-0.8510227852887763,0.5874132352301993
0,1,0,1,0,1.0568822027768863,0.797365321514489,1.1640459248422614,-0.9609460662212399,-0.5186366228098004,0.4373536515493517
0,1,0,1,0,0.3497022468851703,1.5512153177071029,0.021804580747068935,0.8970129507644515,0.3246540295993811,1.0890072252614655
0,1,0,1,0,1.1031006564921146,-1.7855945261689088,-1.0146960530330948,0.6098998517222963,-1.2078914217804602,-0.1859796289926485
0,1,0,1,0,0.39464279861197493,0.36823596115853063,0.11178024671587156,-0.9239518354314536,-0.473926805965914,-0.5678845604888613
0,1,0,1,0,0.21261792565981133,-0.5140592350207455,-0.807736235056095,0.9481853490103549,0.8148453645629629,0.17530724111169074
0,1,0,1,0,1.4908422313345302,0.2820835240482298,-0.6997134788199142,1.1426331701153127,-0.11222826210547847,1.101995573991886
0,1,0,1,0,1.455208593579497,0.35913291479897735,0.41203620392090134,0.5525486772001997,0.05132241135402544,0.031870444223639396
0,1,0,1,0,0.2676248963881323,0.34521353358021595,-0.6858851284493765,-1.1779750410640952,-0.07369019004338201,-0.2740750649927486
0,1,0,1,0,0.16148892041795512,-1.0266595825891656,-1.2947972007656912,1.189268301025556,-1.6835632022512286,-0.7680586715345031
0,1,0,1,0,0.8954462385323191,-0.830471739024469,-0.911655415968404,-0.3209500620148788,-0.4214592331566858,-0.13785392311619976
0,1,0,1,0,-0.7142415955593235,-1.0224986339615199,0.32855167106676186,0.8343524191788897,0.6889931756134662,-0.49379020112744654
1,0,0,1,0,-1.1852975907316199,0.9782721755308202,1.0797999884534415,-2.4866128722640197,1.111188761716103,0.3648356606278713
0,1,0,1,0,-0.031326103124870774,1.8005670249663395,0.9722009147845658,1.499771303615716,-0.03754737848237397,1.1712046054496688
1,0,0,1,0,-1.6108114265976936,0.9862722252016884,1.4044882769618896,0.31511461543198566,0.9931793810496362,0.9041193429415508
0,1,0,1,0,0.8229402706487579,-0.9376625831899066,-0.5266609612366664,0.7687632214328217,-0.10667677484078411,1.1695223517176612
1,0,0,1,0,0.44265880831477816,0.8080029401114522,1.304723252464467,-0.25479078967149965,1.14830586370631,-0.08929219696224405
0,1,0,1,0,0.6085614101075812,-2.377559816719626,-1.259429419690964,0.412312644808155,-0.5688153125738935,-1.0287716399171867
0,1,0,1,0,-0.1832941524157313,-1.0941153118146487,-1.3980873986271962,1.0218444663356914,-0.8741785645299166,-2.0161142340784513
0,1,0,1,0,-0.7365990859238366,0.3680510765825325,-0.9747994343613098,-0.2184679779242716,-1.044487093044662,0.520015085277582
0,1,0,1,0,-1.6831305278843565,0.8385343546372909,0.35303984076324024,-0.8030736571095484,-1.3108141632569348,0.215255540359595
0,1,1,0,0,1.2061585719610188,-0.09238735229822845,-1.0158967751986716,0.916071129696638,-0.8370049469090323,0.6443348309593286
0,1,1,0,0,-1.3087482063451106,-0.6303840539906953,-0.8279688069999341,-0.5372657966709607,-0.08956636063171303,0.29403296739062
0,1,1,0,0,-1.4938233618110162,-0.6823749448766043,-2.721311217502262,-0.42253070680235777,-1.2923455599102045,-0.5556969153910242
0,1,1,0,0,1.0185913870958563,0.10017013536487339,0.36535973889198614,0.8618011539316435,-0.22340935521561503,0.8860274692922473
0,1,1,0,0,0.2578420579271058,-1.296898878718859,-1.7173463238095945,1.8976196647180978,-0.20629894100654445,-1.3217785893555845
0,1,1,0,0,0.43033453002580513,-0.3453441146902101,-0.5382254885745814,1.0692604722247998,-0.6822575476472181,0.4471733382076506
1,0,1,0,0,0.697637978026498,0.5659080109398018,0.6620252146477705,-0.10652135244273794,0.8192003628244954,0.5999412260312751
0,1,1,0,0,-0.4119780939885934,-0.1426798077284738,-0.5786252422290755,-0.32492850334811557,-0.9702831790640548,0.2608656809933187
1,0,1,0,0,0.46114882114544553,0.6924398950243931,0.26618027602845884,-0.23748665688557447,0.5623951046397206,0.7442744957764824
0,1,1,0,0,1.400387285347467,0.15203094506031287,-0.07715833718923451,1.0857523056069394,0.09421703479915183,0.44445828776376556
0,1,1,0,0,0.9647706706011594,0.06596083920036312,-0.7478566582037668,1.511048017577316,-0.6029906125114072,0.43350052611628315
0,1,1,0,0,1.630564215421732,0.25071813395258424,0.8978338880524724,1.378529292591596,-0.09573025558454486,0.8558409938839663
0,1,1,0,0,1.2665281461563933,-1.5364539217273507,-0.22645892395530234,-0.274728517410743,-0.41204403339611356,-2.8829470830237574
0,1,1,0,0,0.09752763020401249,-0.37374540659927485,-1.1809914947864995,0.06871610083506477,0.18937062650885447,-1.3847443551739997
0,1,1,0,0,0.6145795094074803,-0.435503123131891,-0.4429478742764149,1.3487359782186765,-0.4828994076598447,0.20564858494024985
0,1,1,0,0,0.6533596261705966,-1.6055089949623025,-1.1428181030112174,-0.4352926872791794,-0.4001584683017273,-0.8494145729868645
0,1,1,0,0,1.3077903512281284,-2.2821716020186775,-2.050681952981564,-0.05126463207475904,-1.9314216691167712,-2.729686267026608
0,1,1,0,0,-0.5591077180857857,-0.41030356103828874,-0.5039698333702702,-0.8439037960603253,0.050118037956108794,0.506092303369952
0,1,1,0,0,-0.018512950150744046,-0.0029053057294721784,-0.3151661770193896,0.40951973929769253,-0.831491046446496,-0.10253662514626635
0,1,1,0,0,-0.5273912751789397,-0.08000478638387606,-0.06106087029449981,0.741427930105248,-0.04106226617564795,0.22980346375099045
1,0,0,0,1,-0.2959268883531505,1.1053457819267207,0.8878193087530374,-0.38717884339868996,1.1084586293136947,-0.04363448443990376
0,1,0,0,1,0.8351322544503956,-0.4755565364808803,0.31038724956168806,-0.3811538274700376,-0.051018462765919044,0.6567942081788272
1,0,0,0,1,0.13783879757466447,-0.5305056044878905,0.10921340534637694,-0.9884886837006237,0.5316095010558466,-0.8613482983697652
0,1,0,0,1,0.76178807616783,-0.8775334748269527,-0.21580896011515371,0.5610412076020161,-0.12838797188491954,0.10313356047570071
1,0,0,0,1,0.18117022232866176,-0.04671035533074213,0.3681887971688903,-0.014523307447925647,0.8337994697963259,-0.29814309747614276
1,0,0,0,1,0.05948248888145572,0.28147463911260984,0.6867554608616757,-0.3600083371550163,0.9506744974974322,0.21304925220358584
0,1,0,0,1,-1.7821563965354796,-1.2426790830427803,-0.7271554455809647,-1.3447699094593932,-0.6492437450632447,-0.8464600513698212
1,0,0,0,1,0.6611355154859068,0.5723067841388071,0.28398434062024014,-0.4576686250407169,0.6403841988667022,0.716594202000583
1,0,0,0,1,-0.10707242827018885,1.273612565703838,1.3293290049255926,0.1551998582115811,1.3327406245997795,-1.1590856646423489
1,0,0,0,1,-0.5160465698541739,0.4210510552439367,0.6704057344134172,-1.094430957440925,1.1355731942744225,-0.26438100882796584
1,0,0,0,1,-0.5868971658948887,0.08498238581393781,0.9806725058122193,-0.8595859139706101,1.4142845391356338,-1.9762577363674743
1,0,0,0,1,-2.4683225930609183,0.7371884384776813,1.5035760353695973,-0.683142976099373,1.50572760426753,0.8571096700653079
1,0,0,0,1,-2.1898727234319026,1.2470230264117643,0.5805259753532567,-0.4816808435978386,0.8638802537474953,-1.0030043758017422
1,0,0,0,1,0.029815018325318538,1.2418569055271265,1.3793939877065133,0.16844250287227233,1.247417623233193,0.516558111901223
0,1,0,0,1,0.6963509477671298,-0.32284411916549594,-0.4385185352812899,-0.1985445713185628,-0.5381918135315172,0.12575842707883175
0,1,0,0,1,0.08202344602703315,-1.1049436166712678,-0.3878998772632543,-0.9903599330144298,-0.7195173863589189,-0.13668879263005163
1,0,0,0,1,-1.2908289544839973,1.6800347024857913,0.9635163321027256,-0.009185101888125057,1.1898618226347473,0.020583398124329865
0,1,0,0,1,0.0865582855438996,-0.752844488606153,-0.5882698440131553,1.6659864745951904,-0.6314650801851652,0.26980649224978287
0,1,0,0,1,1.059374689824876,-0.3381796029242222,0.5206100215040951,0.5612971179523044,-0.5059557469661722,-1.4533714872622632
1,0,0,0,1,-0.7192871178744401,0.09720200187550841,1.2736873751046531,-0.11805886296651444,1.723049185629855,-1.30547029245697
0,1,0,0,1,0.30976948458119513,-1.19545461397333,-0.5882698440131553,0.8562129608504861,-0.9170609736109515,-0.741900536479792
0,1,0,0,1,0.365037834532757,-0.5816738639334357,0.4492768368217209,0.0003324854297716991,-0.018925482646800888,0.34526711831821955
1,0,0,0,1,-0.9682316940972496,1.3827499171996216,0.8477329483059941,-0.6282776814251538,0.8611954237042884,1.1438335101643353
0,1,0,0,1,0.09544286133888093,-0.8284495842098187,-0.6677728423934042,0.4612365456611751,-1.3769890882885367,0.2290826115166863
0,1,0,0,1,-1.1198550788904849,-0.07940497456422953,0.24860263709274433,-0.3241311887365827,-0.04388954825834019,0.5617233649006607
0,1,0,0,1,0.4364960765085856,-0.19926823444940475,-0.23698473673172735,0.27920891264475317,-0.13167448991163186,-2.0875440954975497
1,0,0,0,1,0.3080389095210035,1.859414349259293,1.19924282465828,-0.2129208017324443,1.5357925884841908,0.5561041399037957
0,1,0,0,1,-0.8452121338584986,0.08698847438053,-0.6361434966007856,-0.8254925076624705,-0.6801383753822142,0.046664957880263376
0,1,0,0,1,0.26482309779266117,-0.5305056044878905,0.09765763841413411,0.4713528099856656,-0.7891660465144736,0.26706660452010395
0,1,0,0,1,0.6374066622665019,-1.4364542330360393,-0.3004350905826789,0.7135199968153152,0.2949546167615013,-0.9404814274461272
0,1,0,0,1,0.5204832278336912,-1.1766306581581938,0.8224825742560312,-0.3760263421020777,0.37228508905440943,-0.24000416663718288
0,1,0,0,1,0.9702610595038561,0.05927440811066895,-0.5665314950958465,0.3653923907797847,-1.072868924020494,0.2525186811287085
0,1,0,0,1,1.1262980505430895,1.4879001870043285,0.9674084736935749,2.8954431156749556,0.21079719485517567,1.5022781908466933
0,1,0,0,1,-0.22863236551649238,-0.6823749448766043,-1.053939575805059,0.6691330920119797,-0.4813943301232081,0.046664957880263376
0,1,0,0,1,-1.6472517741929913,-1.2218500940206836,-0.9186355237537236,-0.994115964210811,-1.3429611345190162,-0.31119884933677905
0,1,0,0,1,0.6807923863865822,-0.38953607728649414,-0.28063311986744915,1.2990198535074595,-0.8370049469090323,0.5120903149743827
0,1,0,0,1,-0.1291963846044252,-0.7565750894011676,-0.009919868238169772,0.9671109893715589,-0.34175198960305864,-0.045698655657340145
0,1,0,0,1,0.31018416459769294,-0.5863274819981442,0.0875324859778337,0.6850122483800267,-0.9202484453855785,0.21745547338009397
1,0,0,0,1,0.4025846328947339,1.3764875110670083,1.5754224028379993,-0.1429214166489201,1.3869013162234116,0.2594808340399143
0,1,0,0,1,0.8676604276424152,-0.04180348127488608,-1.0439665549349164,0.31053935978092795,-0.9331759139176807,0.9156533366055974
1,0,0,0,1,0.21976319138818082,0.36304518538309516,2.3999558197511863,-1.8909183032880232,2.1884301875894887,0.3340354028755222
1,0,0,0,1,0.6763839490558473,-1.192456847151514,-0.4703202524490928,1.600698926946122,-0.5705648240983274,1.139028706361264
1,0,0,0,1,0.9984388829297678,0.653739744738315,0.7580987551895253,-0.0642875461798881,0.8931896578560456,0.7660040663203362
0,1,0,0,1,0.5506830067756122,-0.7411291270081156,-1.1195906534643163,-0.6425349381125014,-1.048457839816537,-0.006420425826621539
0,1,0,0,1,0.2791516127081556,-0.8474970351230022,-0.5145563332090844,1.3302593638702287,-0.40409340197604754,0.07718283461911069
0,1,0,0,1,-5.162331739796561,-2.141309056109978,0.3726712618890306,1.83441061238136,-2.3721766426746704,-0.27129275632168126
0,1,0,0,1,-0.5822286582587092,-0.9637867425098141,0.12585216635842406,1.454667975269572,-0.2530949868345227,0.6922111827176057
1,0,1,0,0,-1.885664499992214,0.16593572975474077,0.6598018563754796,-1.0446667187089627,1.2248979340869521,0.4262927357686814
1,0,1,0,0,-0.663710244350015,0.4982395572300723,0.7945872455492771,-0.513537128450073,1.0256209608052071,0.7727581782109995
0,1,1,0,0,-2.1572682337420095,0.49743597284558555,0.22013544572695154,-1.1272285721825286,0.9579356433849007,0.4019550380298685
1,0,1,0,0,-0.8784241392714447,0.6734914550906907,1.5577715927599423,-0.013987838540019205,1.6640581355952337,-2.332635083626095
0,1,1,0,0,-0.48021538513569834,-0.9763402841533129,-0.8667991031583884,0.31966316910230225,-0.8179307087929679,-0.5556969153910242
0,1,1,0,0,-1.1107603240752484,-0.23794360606857948,0.5265482511756056,-1.0170404099581107,0.8539746992661482,-0.7266251695763607
1,0,1,0,0,-0.5435516506469544,0.6701619200655566,1.0853577532880196,0.46529882198641764,1.1685741301096668,0.2684377770348084
1,0,1,0,0,1.005841212884702,0.7022862686714424,0.8763811865835293,0.4981671952912876,0.9612178820685441,0.20192118424970246
0,1,1,0,0,-0.39963228281290536,-0.32050719867039135,-0.7411978353137098,-0.07811274177343688,0.16909312948849758,-0.126281839828507
1,0,1,0,0,-0.023133962901323368,1.3614343860905347,1.334677339320766,0.23537404732103728,1.526816100184682,-0.4330871011587354
0,1,1,0,0,-0.3815260543925696,-1.0358800341968246,-0.7550143167264949,0.14957882161742506,-0.9497500305924408,0.18147270656642217
1,0,1,0,0,-1.104018618442166,1.0125427283816841,1.409005653371885,0.12533846056210943,1.5464767339835321,1.0584629831877805
0,1,1,0,0,-1.569526005624647,-1.0300018588228854,-0.9921825234679726,-0.4520141264905827,-1.329888401372999,-1.0632320513554656
1,0,1,0,0,-2.684253950350038,0.5754157659900373,1.3640018099257953,-1.4590289869973123,1.3280692848200328,0.2656929658664549
0,1,1,0,0,0.5540156881387951,0.7288359631553254,-0.5364636743688775,1.138251912679254,0.23804550859245283,0.8349240397983847
0,1,1,0,0,-2.3562954027224876,-1.418451814208432,-0.7483023423489545,-1.402982121251672,-0.9138908723409295,-1.3907345261599469
0,1,1,0,0,0.8786318705514662,-2.984075944647861,-2.7416508492422262,0.58919325107572,-2.669330111179162,-0.2740750649927486
1,0,1,0,0,-3.4629775679747503,-0.8983551944924113,1.4081201053431147,-1.8560150845669872,1.1813882670552043,-1.5004895116741443
0,1,1,0,0,-1.4194795874767876,1.5861938300391634,-0.9207942235291485,1.1043281592629663,-0.29192517734343376,1.2629322624945125
0,1,1,0,0,-1.3872841197584604,0.5165320677499049,-0.7060702688840862,-1.147590759904456,-0.7790490585840932,-0.008386303065306
0,1,1,0,0,0.7847478493914619,-0.14654003365980373,-0.7509811078753701,0.4382078827589502,-0.37084365854787366,-0.33951646338295266
0,1,1,0,0,-0.18129081463087515,-1.5854657081520065,-1.506495702876513,-0.16080949614803802,-0.998839201430139,-0.505021916570144
0,1,1,0,0,-0.7243705589843574,-0.6875647968983429,-0.5705446531274744,-0.7586895373747246,-0.9299170138345901,-0.07412517314065412
0,1,1,0,0,-0.19675481583264573,-1.1260586803972403,-0.038756450469328386,-1.5970346273469795,0.23891764090483944,-0.6993899604993613
0,1,1,0,0,-0.5827457929926588,-1.2490202688691567,-0.9974638301323038,-0.2303884751730465,-0.316305254263814,-0.39459903168189986
1,0,1,0,0,-0.18731871625906896,0.5550937600108378,0.4925525939916215,0.06871610083506477,0.9477187020518172,1.0506321640763872
0,1,1,0,0,0.2941740746747384,-0.38618927016686094,-0.9186355237537236,-0.18243288717529876,-0.8046792896853553,-0.42966223943051435
0,1,1,0,0,-0.39003206438437815,-1.2270135737255292,-1.9380822129282835,-0.01345273727299829,-0.730946283318419,-0.6341527607557319
0,1,1,0,0,0.8680845485263766,-0.9575732325341826,-0.5878969737838254,0.2511506282605785,-1.2628106816918345,-0.2602637865360139
0,1,1,0,0,0.0023898666817941208,-2.130254482845247,-1.7173463238095945,-0.24034413016823408,-1.7872523629998347,-0.7444764002555506
1,0,1,0,0,1.2567964027358967,0.14711450924652497,0.06008029232492161,-0.06485872609904063,-0.3062077793449711,0.7995345159219487
0,1,1,0,0,0.7969351746138502,-0.5353989008224717,-0.78145041769516,1.3296867852000762,-0.12349274964438035,0.005269744531219933
0,1,1,0,0,-0.31515614427741284,0.11292320975885836,-0.9311196009003959,-0.4099743368194163,-0.46655392978548305,1.387920644039199
1,0,1,0,0,0.6022201388499199,0.5743805983111194,0.4195848080071085,0.011291403358388817,0.44909511754009707,1.0525974089961894
0,1,1,0,0,0.016081361185760763,-0.37004463080708594,-0.9164820069359266,0.005048045820761746,-0.6085750919771118,-0.10253662514626635
0,1,1,0,0,-0.03915530194141473,-0.7792800027938009,-1.2407100065393193,-0.7088248701953838,-0.36098389465148745,-1.8456899343063509
1,0,1,0,0,-0.4598525156562034,0.8720687844981739,0.9647715782952222,1.0415729894207453,0.966855278714091,0.45633297466485184
0,1,1,0,0,1.2415214848955836,-0.0598260879868189,-0.5019351875290047,-0.28073529061097774,-1.2923455599102045,0.35082163651410586
0,1,1,0,0,-0.4409232232428213,-0.01961712251465816,-0.7987312203684337,-1.2933639206333503,-1.492943458322021,0.26775249849125765
1,0,1,0,0,-0.2871815068717414,0.39663501903328113,0.7243023214925142,-1.8968905544643715,-0.04958567351102668,-1.1286189459027
0,1,1,0,0,1.0271674036416827,-1.1766306581581938,-0.6904709309375021,0.7501113010488074,-0.2263106686782976,-0.8146930082256276
0,1,1,0,0,0.7134274226251104,0.2877472223571925,-0.9443344156101059,1.4820733524470984,-0.7449641216981635,-0.2967061396006074
0,1,1,0,0,1.1612890433575092,0.7340806493517913,0.5408534662524522,0.4197118297950658,0.38326759141822936,0.9966205044355216
0,1,1,0,0,-0.8275246875035129,-0.8358858451630685,-0.26463231573058427,0.7748177873807813,-0.46655392978548305,-0.5928593051692196
0,1,1,0,0,0.3692296981962185,1.7324443774914846,1.07718288369066,0.6990749123991773,-0.6655164744939834,1.4326110835490091
0,1,1,0,0,0.4269710193618493,-1.1984621190910385,-0.9460000415738818,0.4327955348634203,-0.8891334278150996,0.2355459185148303
0,1,1,0,0,-1.10625839598223,0.06775281171577356,-0.4337969627511855,0.21169501191604112,-0.5348866220067368,0.15967224504064328
0,1,1,0,0,0.82374916337994,-0.5212789974569847,-0.9690791386733771,0.2176825570996861,-0.7815618579272312,0.15491864327021648
0,1,1,0,0,0.30983861557405584,-1.2759195901976716,-1.2330241041217906,0.096148391319575,-0.8653867778848644,-0.5031384559718368
0,1,1,0,0,0.2816065700109878,-0.7295601631082469,-1.059598517754605,0.5543578720944011,-0.7917230270860077,-0.10476653296555029
0,1,1,0,0,-0.4147973212870442,-0.9692579839110584,-1.120940449541083,1.0221278238973655,-0.6085750919771118,0.18530099972266478
0,1,1,0,0,-0.5745187092951585,-0.18303148049691487,-0.6232545320812592,-0.3828705131085938,-1.2984368422001917,0.645589955129313
0,1,1,0,0,-1.6778869962070944,0.200918678709407,-0.22645892395530234,-0.6318176192207912,-1.1529249507224133,-0.13902083378712868
0,1,1,0,0,0.9062658330180766,0.6418483245239257,-0.16810475216639095,1.3720464689999652,-0.484408389422739,0.03280354499401125
0,1,1,0,0,0.4687882519866459,-1.2575433165088792,-0.33098268630035127,-0.04566966931896388,-1.0366259985028836,-0.42116668035797616
0,1,1,0,0,0.2970685006496401,-0.8690527177111856,-1.1659526388451167,0.5286387887141503,-0.02988858014652008,-0.7601167328756475
1,0,1,0,0,-0.21332929774758802,1.176578515903228,0.6291383096106885,0.4509872438049656,0.7789515789452685,0.79197944375563
0,1,1,0,0,0.4211322934317864,-0.6507202541903275,-1.0558219255488865,1.1915511818751052,-1.5282095370216664,-0.041575877033033906
0,1,1,0,0,0.4156566718940633,-1.0941153118146487,-1.8608785115461184,1.0060989820312254,-1.4437553988919216,-0.8826918038855691
0,1,1,0,0,0.2977725833603013,-1.632391774673457,-1.4356610315544964,0.060002501147911225,-0.36960200995821496,-0.5638003642022141
0,1,1,0,0,-0.22374629678317032,-1.2146692640281482,-1.1838848499526953,0.6863210227678499,-1.0212155040990978,0.19591924463392835
0,1,1,0,0,1.0005585564341828,-0.1697150407605012,-0.6980259160949324,1.7055197027922735,-1.3171030044360343,0.6763158558980136
0,1,1,0,0,0.9847388631631818,0.3198525671325972,0.08436681449024394,-1.4868667663680482,-2.608040619786132,-0.6386322040103884
0,1,1,0,0,0.9605309835833827,1.0972220224801104,-0.00581934388756841,-1.9150869054577102,-0.19608505757441566,-0.7654021718630308
0,1,1,0,0,0.7248638413765768,0.2921730911179554,-0.2661935682113527,0.8343524191788897,0.018532505465481876,-0.07091391591265069
0,1,1,0,0,0.07197777706801578,-1.0816403077050638,-1.2368588227620751,0.2598630515225688,-0.2331372097264617,-0.5577147313218169
0,1,1,0,0,0.9461136953109739,0.36860561958278415,0.07284129145874439,1.4725151957850036,0.12203979591609317,0.15412349183394847
1,0,1,0,0,0.11738651618160925,1.2402005230885969,1.2505132777366317,0.5105537789524093,1.2719088313342817,-0.267138206355151
1,0,1,0,0,0.19499107841549693,0.1319680035411236,0.2905882943536073,0.0816065166069763,0.6550572415320467,-0.6296994368521673
0,1,1,0,0,0.2309632324240214,0.07132638471001862,0.24654644648661125,0.35878467875550074,0.5087732590330148,1.4351427479621839
0,1,1,0,0,0.04685400993028521,-0.43814955517089477,-0.013842635583119836,-0.05070332490984121,0.4318396786443329,0.672289790246132
0,1,1,0,0,-0.7227778758867109,-0.021023486921875178,-0.30968196963264777,0.02719233259202715,-0.7715751380845967,1.3107664078079442
0,1,1,0,0,-2.8110561808592043,0.06390861445038193,0.882842110462268,-2.1171161781530894,0.7040725066215321,-1.9383784254273453
0,1,1,0,0,-0.14661683749595897,0.3402728307025263,0.3216816359015727,1.9400661512293205,0.01725821767573572,0.864991503542279
0,1,1,0,0,-0.02449244810919635,-0.486195483812881,-0.27325303090073944,1.0468055618428016,0.14450655062505072,-0.7601167328756475
1,0,1,0,0,0.16011024539481272,0.5426216837759971,0.5496010784904902,0.10262779295380775,0.8062006678031765,0.664988952951444
1,0,1,0,0,-0.23247431722357484,1.091653480426304,0.7678544823177066,-0.4352926872791794,1.1797478161387942,0.1799360000408457
0,1,1,0,0,-0.13557642513600196,0.4548265763886222,0.7798612254295303,-1.094430957440925,0.7970918217912878,0.23196194720055696
1,0,1,0,0,-1.5140162702635171,0.8573627881246161,1.2475799793845719,-1.8791093657834275,1.1807844284892608,-0.008386303065306
0,1,1,0,0,0.24274462951796105,0.10852853610548824,-0.6588520341727054,-0.6631898872481751,0.33693238804153786,0.5055903362894121
0,1,1,0,0,-0.22222661023277554,0.4147434717227077,0.9407518519991629,-3.181813812749529,1.1874777531362544,0.4384509834702329
1,0,1,0,0,0.6859655840859393,0.3379835828567587,0.6006647497600658,-0.28299981994689904,0.7852885617679433,0.6273997050528897
0,1,1,0,0,0.9811867933570114,-0.8271039306135509,-0.09419473394597236,-0.4520141264905827,0.03977891953704566,0.33591886347382927
1,0,1,0,0,0.7055787707731331,0.08448018373422964,0.004446999520672026,-0.2621157962677229,0.41373415373031974,-0.12284413161389746
1,0,1,0,0,0.6826672658552148,-0.1426798077284738,0.8706069575735659,-0.4117557660859777,0.749820168778002,-0.8765325536851921
0,1,1,0,0,0.40378896366611877,-0.30967889381377217,-0.5207611649587871,1.8216679545516368,-1.223829737782386,0.6698639240916013
0,1,1,0,0,0.5089430402452197,0.9459585036163102,1.0117155367192534,0.5852332554376171,1.0161915759612694,0.673096703037037
0,1,1,0,0,1.0900960677708125,1.4825341224111497,0.1420226841415623,1.8080419919310986,-0.40805513449706554,0.30062837008346344
0,1,1,0,0,-0.4793268303950372,0.5309102222026284,0.051897312188141725,0.3070015644879121,-0.023696434995009126,-0.6921276913378341
0,1,1,0,0,0.2230719928102874,-0.6051794582582287,-0.2314558133344667,-2.6898163938938757,-1.3700223925249857,0.8854169633560237
0,1,1,0,0,-0.4683172742103206,0.2119272449347924,1.138140707492859,-0.7380881185776687,-0.7569093492983936,0.7446417681497767
0,1,1,0,0,0.2172312910907766,0.45600434421282904,0.09644168485012972,1.7208690038514882,0.2569367143140351,0.4939530880441318
0,1,1,0,0,0.8301536850038707,-0.9842735761523496,0.022937318414441257,-1.3301470609072932,0.23585944009188237,-0.5241164832589618
0,1,1,0,0,-0.7702186163676948,-0.04122790804450947,-1.0158967751986716,0.03023281095322394,-0.5299637818225759,0.46855312153453255
0,1,1,0,0,0.6726746995918885,0.14193580028246947,0.4890810722054885,-0.5982535998752614,0.5730417615470205,0.050319237031455154
0,1,1,0,0,1.0609249965312355,1.1811994863713349,1.1129773019262748,1.7003155710878317,-0.9202484453855785,0.7888670618300959
0,1,1,0,0,1.2490641299652323,-0.7914914819610983,-1.6168237061288284,0.8671767729531801,-1.3108141632569348,0.8365535323848288
1,0,1,0,0,0.5773147924756233,1.4135016522233854,1.6825247607060445,-0.9519773255364307,1.6399494246410373,0.6621307832437328
0,1,1,0,0,0.34387699575666963,-0.4903920589164151,-0.6552280319749656,-0.2777261171244761,-0.9668102604298808,0.7609888511141749
0,1,1,0,0,-0.5396572191676136,-0.6331062244648039,-0.5499410708041825,-2.4371121139148246,-0.35976309222357233,-2.072713670573232
